apache_corpus = apacke_corpus <>
anja = anja <>
root = root <>
hanna   = hanna <>
najannguaq = najannguaq <>
tomik = tomik <>
tjostolf = tjostolf <>
anders = anders <>
aarppe = Antti Arppe <arppe@ualberta.ca>
agnes = Agnes Eriksen <>
agoston = Ágoston Nagy <>
aili = Aili M. Eriksen <aili.eriksen@kvenskinstitutt.no>
ailu = Ailu West <ailu.west.92@gmail.com>
albert = Albert Bock <albert.bock@univie.ac.at>
aldynai = Aldynai Saryglar <alad.saryglar24@gmail.ru>
alexey = Aleksej <>
altangerel = Chagnaa Altangerel < altangerelc@gmail.com>
andrey = Andrey Chemyshev <chemyshev.andrey@gmail.com>
anna = Anna Karina Madsen <>
anna_ka = Anna Kazantseva <anna@anna-kazantseva.com>
annakaisa = Anna-Kaisa Räisänen <anna-kaisa.raisanen@kvenskinstitutt.no>
annavolkova = Anna Volkova <anna.a.volkova@outlook.com>
antti = Antti Suni <anttisanteri@gmail.com>
aric = Aric Bills <aric.bills@gmail.com>
arnannguaq = Arnannguaq Blytmann <arbl@qeqqata.gl>
arno = Arno Teigseth <arnotixe@gmail.com>
atticus = Atticus Harrigan <galvin@ualberta.ca>
auli = Auli Oksanen <>
aviaq = Aviaq Tobiassen <>
beatrine = Beatrine Heilman <behe@oqaasileriffik.gl>
bemitruev = Bem Mitruev <>
bereltueva = Marina Bereltueva <>
berit = Berit Merete Nystad Eskonsipo <berit.nystad.eskonsipo@uit.no>
biret = Biret Ánne Bals Baal <>
birgitta = Birgitta Rantatalo <birgitta.rantatalo@gmail.com>
bjarne = Bjarne Trevland <bjarne@trevland.com>
bjoern = Bjørn Hatteng <bjorn.hatteng@uit.no>
bjornar = Bjørnar Josefsen <kvenjosefsen@gmail.com>
boerre = Børre Gaup <albbas@gmail.com>
bontogon = Megan Bontogon <bontogon@ualberta.ca>
cdcox = Christopher Cox <christopher.cox@ualberta.ca>
charvey = Chris Harvey <>
chiara = Chiara Argese <argese.chiara@gmail.com>
ciprian = Ciprian Gerstenberger <ciprian.gerstenberger@gmail.com>
conor = Conor Snoek <snoek@ualberta.ca>
dabowers = Dustin Bowers <>
david = David Jonasson Kroik <david.kroik@nord.no>
deltork = Delasie Torkornoo <dm_torkornoo@yahoo.com>
desalegn = Desalegn Belaynewu <desalegnbw@yahoo.com>
dimitry = Dmitrij Levchenko <Levchenko_dmitry@bk.ru>
dm = Detmar Meurers <dm@sfs.uni-tuebingen.de>
dmitry = Dmitrij Levchenko <Levchenko_dmitry@bk.ru>
dmoore1 = D. Moore <dmoore1@ualberta.ca>
dthunder = Dorothy Thunder <Dthunder@ualberta.ca>
dugar = Dugar Badagarov <>
easantos = Eddie Santos <easantos@ualberta.ca>
eckhard = Eckhard Bick <eckhard.bick@mail.dk>
eero = Eero Taipale <>
elen = Elen <>
elena = Elena Kozhevina <cose2010@mail.ru>
elenajp = Elena Junie Paulsen <elena.j.paulsen@uit.no>
elin = Elin Neshamar <elin.umset@gmail.com>
elisabeth = Elisabeth Scheller <elisabeth.scheller@uit.no>
enye_lav = Enye Lav <enye_lav@hotmail.com>
erika = Erika Sarivaara <erika.sarivaara@gmail.com>
erling = Erling Wande <erling.wande@gmail.com>
exist = TermWiki bot <>
fabrizio = Fabrizio Brecciaroli <fabrizio.brecciaroli@gmail.com>
firis =  Iris Perkmann <primzahlenyawgmoth@gmail.com>
florian = Florian Siegl <florian.siegl@gmx.net>
fran = Francis Tyers <ftyers@prompsit.com>
ganbaatar = Ganbaatar Byambal <>
gunnar = Gunnar Hrafnbjargarson <>
hedinj = Heðin jákupsson <hedinj@setur.fo>
heini = Heini Justinsen <heini@teldni.fo>
heli = Heli Uibo <heli1401@gmail.com>
hilde = Hilde Skanke <hilde.skanke@kvenskinstitutt.no>
hjalmar = Hjalmar Petersen <hjalmar@setur.fo>
hkaalep = Heiki-Jaan Kaalep <heiki-jaan.kaalep@ut.ee>
hulda = Hulda Óladóttir <holado@gmail.com>
ida = Ida Toivonen <ida_toivonen@carleton.ca>
ilja = Ilja Ajilijoen <ilja.moshnikov@uef.fi>
ilona = Ilona Rauhala <ilona.rauhala@helsinki.fi>
inga = Inga Mikkelsen <inga.l.mikkelsen@uit.no>
irene = irene <>
iris = Iris <>
isabell = Isabell <>
ivan = Ivan Ryabov <ryabov.74@bk.ru>
jargal = Jargal Badagarov <bjargal@mail.ru>
jaska = Jack Rueter <rueter.jack@gmail.com>
jeremy = Jeremy Bradley <jeremy.moss.bradley@univie.ac.at>
jjpp = Jaak Pruulmann-Vengerfeldt <jjpp@meso.ee>
johannes = Johannes Ihle <johannes.s.ihle@gmail.com>
john = John Mikkelsen <jm@formula.fo>
jonathan = Jonathan Washington <jonathan.north.washington@gmail.com>
joshua = Joshua Wilbur <jeutzsch@gmail.com>
jovsset = Joseph Fjellgren <>
judithe = Judithe Denbæk <judithe@oqaasileriffik.gl>
julia = Julia Kuprina <>
kaidi = Kaidi Lõo <kaidi.loo@ut.ee>
kaisa = Kaisa Maliniemi <kjmaliniemi@gmail.com>
karen = Karen Langgård <kala@uni.gl>
karla = Karla Vrbova <Karla.Vrbova@ffk.no>
katja = Katja Koval <katcha@bk.ru>
katriina = Katriina Pedersen <katriinapedersen@gmail.com>
kilu = Kilu <>
kimberli = Kimberli Mäkäräinen <>
kimme = Kimme Utsi <>
klena = Lena Karvovskaja <lena.karvovskaya@gmail.com>
koivunen = Tomi Koivunen <tk.koivunen@gmail.com>
kristian = Kristian Kankainen <kristian@keeleleek.ee>
kristiina = kristiina <>
kristina = Kristina Rießler <>
lachler = Jordan Lachler <lachler@ualberta.ca>
larsnyg = Lars Nygaard <larsnyga@gmail.com>
laura = Laura Janda <laura.janda@uit.no>
laurette = Laurette Prætorius <>
leena = Leena Niiranen <leena.niiranen@uit.no>
lena = Lena Susanne Gaup <Lena-Susanne.Gaup@samiskhs.no>
lene = Lene Antonsen <lene.antonsen@uit.no>
linda = Linda Wiechetek <linda.wiechetek@uit.no>
lingsoft = Eero Taipale <>
linnea = linnea <>
livm = Liv Molich <livm@oqaasileriffik.gl>
maja = Maja Kappfjell <maja.l.kappfjell@uit.no>
malmar = Malan Marnersdóttir <malanm@setur.fo>
(mangler forfatter) = no author <>
maren = Maren Palismaa <>
mari = Mari Keränen <mari.keranen@uit.no>
marina = Marina Fedina <m-fedina@mail.ru>
marit = Marit Julien <marit.julien@nordlund.lu.se>
maritm = Marit Fjellheim <marfje@trondelagfylke.no>
marja = Marja Eira <marja.eira@uit.no>
marjaliisa = Marja-Liisa Olthuis <marja-liisa.olthuis@oulu.fi>
marta = Marta Nylund <marta.nylund@swipnet.se>
merja = Merja Salo <>
mervi = Mervi Haavisto <Mervi.Haavisto@kvenskinstitutt.no>
mgarciav = Michelle Garcia-Vega <mgarciav@ualberta.ca>
mhulden = mhulden <mans.hulden@gmail.com>
michael = Michael Rießler <m.riessler@gmail.com>
miina = Miina Seurujärvi <miina.seurujarvi@samediggi.fi>
mike = Mike Voets <febrisnorvegia@gmail.com>
mpsilfve = Miikka Silfverberg <miikka.silfverberg@ubc.ca>
mushnadi = Nadi Mush Ptshelevodova <mushnadii@gmail.com>
nani = Najannguaq Nielsen <najannguaq@oqaasileriffik.gl>
natalia = Natalia Mitrofanova <natalia.mitrofanova@uit.no>
neeme = Neeme Kahusk <neeme.kahusk@ut.ee>
nicolai = Garrett Nicolai <nicolai@ualberta.ca>
niko = Niko Partanen <nikotapiopartanen@gmail.com>
nwelch = Nicholas Welch <nwelch@mun.ca>
oleg = Oleg Kazanin <kazanin@mail.ru>
olovick = Olga Lovick <olga.lovick@usask.ca>
paneeraq = Paneeraq Nielsen <paneeraq@oqaasileriffik.gl>
patrik = Patrik Bye <patrik.bye@uit.no>
paula = Paula Kokkonen <paula.kokkonen@alumni.helsinki.fi>
pavel = Pavel Iosad <pavel.iosad@ed.ac.uk>
per = Per Langgård <pela@oqaasileriffik.gl>
per-eric = Per-Erik Kuoljok <pekuoljok@gmail.com>
petter = Petter Morottaja <petter.morottaja@gmail.com>
pirjo = Pirjo Paavalniemi <>
reetta = Reetta Juntunen <>
renate = Renate Blumberga <renate.blumberga@gmail.com>
risten = Risten West <ristenwest@gmail.com>
ristenbirje = Risten Birje Steinfjell <ristenbirje@gmail.com>
ritva = Ritva Nystad <ritva.nystad@uit.no>
robert = Robert Reynolds <robert_reynolds@byu.edu>
rogier = Rogier Blokland <r_blokland@yahoo.com>
rolfa = Rolf Olsen <>
roman = Roman Yangarber <roman.yangarber@helsinki.fi>
royd = Roy Dragseth <roy.dragseth@uit.no>
ryan = Ryan Johnson <ryan.txanson@gmail.com>
saammal = Saammâl Morottaja <saammal.morottaja@gmail.com>
saara = Saara Huhmarniemi <saara.huhmarniemi@helsinki.fi>
sandra = Sandra Nystø Rahka <sandra.rahka@gmail.com>
saramarja = Sara Marja Magga <sma064@uit.no>
sasha = Alexandra Simonenko <alexandra.simonenko@ugent.be>
schmirle = Katie Schmirler <schmirle@ualberta.ca>
silja = Silja Selnes-Mattila <silja.mattila@storfjord.kommune.no>
sindre = Sindre Trosterud <sindre.reino.trosterud@gmail.com>
siri = Siri Broch Johansen <siribrochjohansen@gmail.com>
siripaivio = Siri Kappfjell Päiviö <sik102@uit.no>
sirrke = Sirrke Nikolaev <sirrke@gmail.com>
sissel = Sissel Jåma <>
sjaggo = Ann-Charlott Sjaggo <anncharlotte.sjaggo@gmail.com>
sjur = Sjur Moshagen <sjurnm@mac.com>
skopets = Mervi Skopets <Mervi.Skopets@oulu.fi>
steinarn = Steinar Nilsen <>
sulev = Sulev Iva <sulev.iva@ut.ee>
svenerik = Sven-Erik Soosaar <svenerik@eki.ee>
svenne = Svenn-Egil Duolljá <>
svetlana = Svetlana Sokolova <svetlana.sokolova@uit.no>
sysp = Sylvia Sparrok <>
terje = Terje Aronsen <>
thejonttu = Joonas Kylmälä <>
thomas = Thomas Omma <thomas.omma@uit.no>
thomasbk = Thomas Brevik Kjærstad <thomas@kjaerstad.net>
tiina = Tiina Puolakainen <>
tikaajaat = Tikajaat Kristiansen <tikk@oqaasileriffik.gl>
timo = Timo Rantakaulio <rantakau@mappi.helsinki.fi>
tino = Tino Dideriksen <mail@tinodidriksen.com>
tne000 = tne000 <>
toini = Toini Bergstrøm <>
tomi = Tomi Pieski <>
tommi = Tommi Pirinen <flammie@iki.fi>
tovereibo = Tove Reibo <>
trond = Trond Trosterud <trond.trosterud@uit.no>
tullball = tullball <>
tuuli = tuuli <>
uliana = Uliana Petrunina <petrunina.uliana@gmail.com>
unhammer = Kevin Unhammer <unhammer@fsfe.org>
uni = Uni Johannesen <unijoh@gmail.com>
verena = Verena Schall <verena.schall@sprakradet.no>
vesa = Vesa Guttorm <>
wilhelm = Andrea Wilhelm <wilhelm@ualberta.ca>
zandakova = Marina Zandakova <zmckeys@gmail.com>
zangarik = Zangarik Irina <kylchin@gmail.com>
zoljargal = Zoljargal Munkhjargal <zoljargal.m@gmail.com>
(no author) = no author <>
trondtynnol = Trynd Tynnøl <tty001@uit.no>